video_name,url,fps
L21_V001,https://youtube.com/watch?v=Rzpw5WR7nAY,30
L21_V002,https://youtube.com/watch?v=qqC4FLMNLdI,30
L21_V003,https://youtube.com/watch?v=JrDeTiLY0u8,25
L21_V005,https://youtube.com/watch?v=GT5KeMmD5Sw,30
L21_V006,https://youtube.com/watch?v=HphV3ZNfA5A,30
L21_V007,https://youtube.com/watch?v=XGkqs8JOkUE,30
L21_V008,https://youtube.com/watch?v=VfiS267Cq8Q,25
L21_V009,https://youtube.com/watch?v=jRmRk5Fhfnk,25
L21_V010,https://youtube.com/watch?v=JafrhS13ukg,25
L21_V011,https://youtube.com/watch?v=uQuY24hJrqQ,25
L21_V012,https://youtube.com/watch?v=cwMcSunEakw,30
L21_V013,https://youtube.com/watch?v=uBi2IfecQ1U,30
L21_V014,https://youtube.com/watch?v=wL_-KhpMU7I,30
L21_V015,https://youtube.com/watch?v=4MADNqa2Ihw,30
L21_V016,https://youtube.com/watch?v=m513jMSeLds,30
L21_V017,https://youtube.com/watch?v=LT--fELSd9s,25
L21_V018,https://youtube.com/watch?v=1tKajOFGqSQ,25
L21_V019,https://youtube.com/watch?v=vipckUPsGpg,30
L21_V021,https://youtube.com/watch?v=hTTaBTWWipY,30
L21_V022,https://youtube.com/watch?v=RC2t4XXAFfE,30
L21_V023,https://youtube.com/watch?v=lIIsVPGK6uo,30
L21_V024,https://youtube.com/watch?v=wgPPoa7OcmE,25
L21_V025,https://youtube.com/watch?v=-YKaIUk1T0U,25
L21_V026,https://youtube.com/watch?v=pj1VkEuMYM4,30
L21_V027,https://youtube.com/watch?v=XjYeGkh1ZSg,30
L21_V028,https://youtube.com/watch?v=YiF5LpNRak4,30
L21_V029,https://youtube.com/watch?v=dlpQXX_hYxk,30
L21_V030,https://youtube.com/watch?v=5HtjWheNDPM,30
L21_V031,https://youtube.com/watch?v=fjL7m7SAoLA,25
L22_V001,https://youtube.com/watch?v=GZdi9xpiItU,30
L22_V002,https://youtube.com/watch?v=tIiV66LvrZg,25
L22_V003,https://youtube.com/watch?v=aJJUkV1L_Cw,25
L22_V004,https://youtube.com/watch?v=1KESxskpr4g,30
L22_V005,https://youtube.com/watch?v=1YDOImIQJ-U,30
L22_V006,https://youtube.com/watch?v=VE8zB4YjGw4,30
L22_V007,https://youtube.com/watch?v=Oz4rR9DZreg,25
L22_V008,https://youtube.com/watch?v=DU9TutI7xnU,25
L22_V009,https://youtube.com/watch?v=Six0zgQNSNI,25
L22_V010,https://youtube.com/watch?v=TWcfxEOHxYk,25
L22_V011,https://youtube.com/watch?v=6puiLImJz6c,30
L22_V012,https://youtube.com/watch?v=CpLUbAWRtEc,30
L22_V013,https://youtube.com/watch?v=RCCBx1TjnvQ,30
L22_V014,https://youtube.com/watch?v=LUKnehqHaCI,30
L22_V015,https://youtube.com/watch?v=_RBnR5oex_8,30
L22_V016,https://youtube.com/watch?v=nE-KgYA_OWk,25
L22_V017,https://youtube.com/watch?v=t00BJlaDZwI,25
L22_V018,https://youtube.com/watch?v=YfF-qad2zIU,30
L22_V019,https://youtube.com/watch?v=cncdOlbRN6k,30
L22_V020,https://youtube.com/watch?v=60qHcTBp6VY,30
L22_V021,https://youtube.com/watch?v=1feJrcoo5Rk,30
L22_V022,https://youtube.com/watch?v=s11qoPYYbKA,30
L22_V023,https://youtube.com/watch?v=gkFo9B1NhOc,25
L22_V024,https://youtube.com/watch?v=TE5ED6iwn9g,25
L22_V025,https://youtube.com/watch?v=p6h043fMCUA,30
L22_V026,https://youtube.com/watch?v=eJ7gQYMrrWs,30
L22_V027,https://youtube.com/watch?v=VY7KrHcJmzg,30
L22_V028,https://youtube.com/watch?v=mjy8h-iT-ms,30
L22_V029,https://youtube.com/watch?v=8bsmllSKjjQ,30
L22_V030,https://youtube.com/watch?v=MusUd666cwE,25
L22_V031,https://youtube.com/watch?v=rhRq9JBtpWY,25
L23_V001,https://youtube.com/watch?v=3oVaFPFt9vI,25
L23_V002,https://youtube.com/watch?v=6J0loXv8wJw,25
L23_V003,https://youtube.com/watch?v=Btr8jXBzZXE,25
L23_V004,https://youtube.com/watch?v=FYpPfAIjWPs,25
L23_V005,https://youtube.com/watch?v=WD9qm6XOPTA,25
L23_V006,https://youtube.com/watch?v=q0lRq2DkCc8,25
L23_V007,https://youtube.com/watch?v=fnFwv6pOkyA,25
L23_V008,https://youtube.com/watch?v=bpTRldeMipQ,25
L23_V009,https://youtube.com/watch?v=rkNjXQOanI0,25
L23_V010,https://youtube.com/watch?v=GQgS2AQurD4,25
L23_V011,https://youtube.com/watch?v=bjsc2VpUQE0,25
L23_V012,https://youtube.com/watch?v=NbBziotw1IA,25
L23_V013,https://youtube.com/watch?v=QzJpVmt19cA,25
L23_V014,https://youtube.com/watch?v=qTtuy9jWMPY,25
L23_V015,https://youtube.com/watch?v=6dJAWIYPpYs,25
L23_V016,https://youtube.com/watch?v=AxrWuYGHZ7U,25
L23_V017,https://youtube.com/watch?v=tzvLHlMcNFI,25
L23_V018,https://youtube.com/watch?v=wCWJOKPj6i0,25
L23_V019,https://youtube.com/watch?v=I46KHfjIPQk,25
L23_V020,https://youtube.com/watch?v=kmU6jBK9H54,25
L23_V021,https://youtube.com/watch?v=Iupvfa7uLyw,25
L23_V022,https://youtube.com/watch?v=A4GVOdnoIDU,25
L23_V023,https://youtube.com/watch?v=5RJWBk50rRo,25
L23_V024,https://youtube.com/watch?v=1kLJ8ynvRsY,25
L23_V025,https://youtube.com/watch?v=TwCnb13Y7no,25
L24_V002,https://youtube.com/watch?v=W0yPC1ytRj8,25
L24_V003,https://youtube.com/watch?v=bXMhsn050N4,25
L24_V004,https://youtube.com/watch?v=rCw_cJVKuXU,25
L24_V005,https://youtube.com/watch?v=6hvzIEeylqY,25
L24_V006,https://youtube.com/watch?v=WHsQgL962oY,25
L24_V007,https://youtube.com/watch?v=JVIr6RtExPg,25
L24_V008,https://youtube.com/watch?v=w8L5bDbC9yo,25
L24_V009,https://youtube.com/watch?v=QzeUHVoIBN8,25
L24_V010,https://youtube.com/watch?v=UhbihgZrtJI,25
L24_V011,https://youtube.com/watch?v=Q1YCXZ4bS0Q,25
L24_V012,https://youtube.com/watch?v=Hi1GqK7fop8,25
L24_V013,https://youtube.com/watch?v=uRq1WNxJfqw,25
L24_V014,https://youtube.com/watch?v=UHo6ZQgGPQA,25
L24_V015,https://youtube.com/watch?v=xXi9CeI7tXI,25
L24_V016,https://youtube.com/watch?v=B8IK8eEDIWw,25
L24_V017,https://youtube.com/watch?v=6kfXCVJRRtU,30
L24_V018,https://youtube.com/watch?v=sPA1G6L7C5E,25
L24_V019,https://youtube.com/watch?v=bYbi_sE3o1M,30
L24_V020,https://youtube.com/watch?v=OM123EoSATk,30
L24_V021,https://youtube.com/watch?v=6xfbfbPJFBE,30
L24_V022,https://youtube.com/watch?v=uMgomPdFdMY,30
L24_V023,https://youtube.com/watch?v=b4M0rNuddJs,30
L24_V024,https://youtube.com/watch?v=0OCZPsT8f9c,30
L24_V025,https://youtube.com/watch?v=qSgorxzpt4A,30
L24_V026,https://youtube.com/watch?v=l-fEJmuv3o0,25
L24_V027,https://youtube.com/watch?v=h1L8PnpVdqE,30
L24_V028,https://youtube.com/watch?v=VMCs9vCjzk0,30
L24_V029,https://youtube.com/watch?v=Aaw_XBYTHHA,30
L24_V030,https://youtube.com/watch?v=m_DoFMnmEm0,30
L24_V031,https://youtube.com/watch?v=om1ZFhVCZU4,30
L24_V032,https://youtube.com/watch?v=6tnkbqUTPaI,25
L24_V033,https://youtube.com/watch?v=bLlFbUC5K1I,30
L24_V035,https://youtube.com/watch?v=IvLN1-7TmfE,30
L24_V036,https://youtube.com/watch?v=JOGwqn0qom0,30
L24_V037,https://youtube.com/watch?v=R_Lhe_HONSE,30
L24_V038,https://youtube.com/watch?v=KkjGOZv7gjA,30
L24_V039,https://youtube.com/watch?v=FGSj99AsW98,30
L24_V040,https://youtube.com/watch?v=DrmEiRAjBy8,30
L24_V041,https://youtube.com/watch?v=OilJpzlSZpQ,30
L24_V042,https://youtube.com/watch?v=23dowUaEMns,30
L24_V043,https://youtube.com/watch?v=lwJFlRCuCjc,25
L24_V044,https://youtube.com/watch?v=0iJStT_4v8I,26.438
L24_V045,https://youtube.com/watch?v=BrzF4ZSpR8Y,30
L25_V001,https://youtube.com/watch?v=XCraXMz1pY8,25
L25_V002,https://youtube.com/watch?v=yLYlXtDDNvc,25
L25_V003,https://youtube.com/watch?v=k3kWCsv_pSA,25
L25_V004,https://youtube.com/watch?v=U_vuOXYVJ_M,29.97
L25_V005,https://youtube.com/watch?v=RetISKGBuLE,29.97
L25_V006,https://youtube.com/watch?v=Xb0PHwPlW8U,25
L25_V007,https://youtube.com/watch?v=7kvm0E6QNkk,25
L25_V008,https://youtube.com/watch?v=xJ87ug_kTls,29.97
L25_V009,https://youtube.com/watch?v=xS6ObU8qUfg,25
L25_V010,https://youtube.com/watch?v=2shnPlmFJts,25
L25_V011,https://youtube.com/watch?v=HXihXzTfPtU,25
L25_V012,https://youtube.com/watch?v=0QLb-98OHvs,25
L25_V013,https://youtube.com/watch?v=ZgmFudc7u50,29.97
L25_V014,https://youtube.com/watch?v=jZrGZX2fk_8,29.97
L25_V015,https://youtube.com/watch?v=ysbYtD4nGxA,25
L25_V016,https://youtube.com/watch?v=MJNkgDwKYN0,25
L25_V017,https://youtube.com/watch?v=9EmZYJH0V4g,29.97
L25_V018,https://youtube.com/watch?v=kCLqYgC7a58,25
L25_V019,https://youtube.com/watch?v=izpwuSBRIyY,25
L25_V020,https://youtube.com/watch?v=JJaa7NjVrqI,25
L25_V021,https://youtube.com/watch?v=is4ZUux8oC8,29.97
L25_V022,https://youtube.com/watch?v=U_xYAiZ4PI8,29.97
L25_V023,https://youtube.com/watch?v=evyS6-U6IXg,25
L25_V024,https://youtube.com/watch?v=xWrR5mJFtuI,25
L25_V025,https://youtube.com/watch?v=9HT9Vv6ftUc,29.97
L25_V026,https://youtube.com/watch?v=0rB3Q6VD_-o,25
L25_V027,https://youtube.com/watch?v=as0qgsrRTjM,25
L25_V028,https://youtube.com/watch?v=EfXJxwyj120,25
L25_V029,https://youtube.com/watch?v=e6zQQcAZPho,25
L25_V030,https://youtube.com/watch?v=4FCtYRiLuho,29.97
L25_V031,https://youtube.com/watch?v=qFZv_xplTlo,29.97
L25_V032,https://youtube.com/watch?v=hgH4k9QFoqY,25
L25_V033,https://youtube.com/watch?v=aFxEctSNt6A,25
L25_V034,https://youtube.com/watch?v=DGGWhygiKfM,29.97
L25_V035,https://youtube.com/watch?v=zT5rGIkxcqU,25
L25_V036,https://youtube.com/watch?v=Xwd7sLbjvO4,25
L25_V037,https://youtube.com/watch?v=VXCHMOWZtPA,25
L25_V038,https://youtube.com/watch?v=C0R9jLrZWPI,25
L25_V039,https://youtube.com/watch?v=wpYCa-4aPsE,29.97
L25_V040,https://youtube.com/watch?v=s-Q__1F3K20,29.97
L25_V041,https://youtube.com/watch?v=Wqvu09VA6PM,25
L25_V042,https://youtube.com/watch?v=FPHW0CAzDHk,25
L25_V043,https://youtube.com/watch?v=meQWOeObSHI,29.97
L25_V044,https://youtube.com/watch?v=SXxlU4-8kgw,25
L25_V045,https://youtube.com/watch?v=2tpn2LCjDfE,25
L25_V046,https://youtube.com/watch?v=y8LeadtZo00,25
L25_V047,https://youtube.com/watch?v=1U4dAptxS_0,25
L25_V048,https://youtube.com/watch?v=SippjxdM0wc,29.97
L25_V049,https://youtube.com/watch?v=JxUA0S-gy7s,29.97
L25_V050,https://youtube.com/watch?v=u1fz8Yrkl9M,25
L25_V051,https://youtube.com/watch?v=m3ttOhWdj54,25
L25_V052,https://youtube.com/watch?v=r7lvq-F-9VA,29.97
L25_V053,https://youtube.com/watch?v=9fh-11ybIZk,25
L25_V054,https://youtube.com/watch?v=0yyxartcZ1k,25
L25_V055,https://youtube.com/watch?v=hKCo1ZJA0ME,25
L25_V056,https://youtube.com/watch?v=kuRYuggWUeQ,25
L25_V057,https://youtube.com/watch?v=zXA6EgYmSik,29.97
L25_V058,https://youtube.com/watch?v=Wa_-aUgd_uQ,29.97
L25_V059,https://youtube.com/watch?v=cZ4l81imqT8,25
L25_V060,https://youtube.com/watch?v=IocW0-AgoXQ,25
L25_V061,https://youtube.com/watch?v=EY-pV7I1umo,29.97
L25_V062,https://youtube.com/watch?v=ntFvvHK594A,25
L25_V063,https://youtube.com/watch?v=Jt-tIBBhjIA,25
L25_V064,https://youtube.com/watch?v=SNccx2GIjAg,25
L25_V065,https://youtube.com/watch?v=TLeKwGuiJYY,25
L25_V066,https://youtube.com/watch?v=0DeLbMiad3I,29.97
L25_V067,https://youtube.com/watch?v=aQ9UTJnJYdI,29.97
L25_V068,https://youtube.com/watch?v=EekSMrbu2HI,25
L25_V069,https://youtube.com/watch?v=rwEXSZ2hRp8,25
L25_V070,https://youtube.com/watch?v=1EUKmtBmsCA,29.97
L25_V071,https://youtube.com/watch?v=XQiNoaKMhIQ,25
L25_V072,https://youtube.com/watch?v=0gonpkGhDvE,25
L25_V073,https://youtube.com/watch?v=irniiF5WuNk,25
L25_V074,https://youtube.com/watch?v=3YbEA4ZPn84,29.97
L25_V075,https://youtube.com/watch?v=G05S9VA2TAY,25
L25_V076,https://youtube.com/watch?v=StoPvqRURtE,25
L25_V077,https://youtube.com/watch?v=KTncCCthOwc,29.97
L25_V078,https://youtube.com/watch?v=ZbJW064Mj8I,29.97
L25_V079,https://youtube.com/watch?v=eaCVBZaxYbc,25
L25_V080,https://youtube.com/watch?v=oQAGptD8wWw,25
L25_V081,https://youtube.com/watch?v=ZZ0lI9P21Mg,25
L25_V082,https://youtube.com/watch?v=cejl8cXtKn4,25
L25_V083,https://youtube.com/watch?v=aVhqP2rZ3FM,25
L25_V084,https://youtube.com/watch?v=7TRzu2iozPk,29.97
L25_V085,https://youtube.com/watch?v=J5dPahxmjik,29.97
L25_V086,https://youtube.com/watch?v=tQnZVSoA48I,25
L25_V087,https://youtube.com/watch?v=moQSm-IwjNc,25
L25_V088,https://youtube.com/watch?v=zDv8FJkq7Oc,29.97
L26_V001,https://youtube.com/watch?v=mVf8qMaNHJM,25
L26_V002,https://youtube.com/watch?v=DfLO8m0MHtM,25
L26_V003,https://youtube.com/watch?v=iIIH4h5U4ck,25
L26_V004,https://youtube.com/watch?v=IELN5vkpRnU,25
L26_V005,https://youtube.com/watch?v=170XSKqT6Ss,25
L26_V006,https://youtube.com/watch?v=UDZuHAgPuFI,25
L26_V007,https://youtube.com/watch?v=bsXAWz6L0Po,25
L26_V008,https://youtube.com/watch?v=ms7LCwTThD4,25
L26_V009,https://youtube.com/watch?v=67RaoFSFhNs,25
L26_V010,https://youtube.com/watch?v=q583NiybXOs,25
L26_V011,https://youtube.com/watch?v=Rq8nxWZQZyY,25
L26_V012,https://youtube.com/watch?v=zzAn2o8sjAA,25
L26_V013,https://youtube.com/watch?v=0d4iA796hJg,25
L26_V014,https://youtube.com/watch?v=zi1vOQ3AZGg,25
L26_V015,https://youtube.com/watch?v=ve-eFRtj7XA,25
L26_V016,https://youtube.com/watch?v=FRJZOfNSXxU,25
L26_V017,https://youtube.com/watch?v=EOHYIzh-wuo,25
L26_V018,https://youtube.com/watch?v=viofauPozO8,25
L26_V019,https://youtube.com/watch?v=8k8b76qvnpM,25
L26_V020,https://youtube.com/watch?v=olEryXVe_Rc,25
L26_V021,https://youtube.com/watch?v=iXTX0WJsaBs,25
L26_V022,https://youtube.com/watch?v=oP8GbeBnqBM,25
L26_V023,https://youtube.com/watch?v=wLLPOnCYaEI,25
L26_V024,https://youtube.com/watch?v=1z0RPS5ChWE,25
L26_V025,https://youtube.com/watch?v=ENrm3molfZw,25
L26_V026,https://youtube.com/watch?v=PXtPv0jeElQ,25
L26_V027,https://youtube.com/watch?v=_f2U8H0EOJg,25
L26_V028,https://youtube.com/watch?v=ZMDlmNoaq2Y,25
L26_V029,https://youtube.com/watch?v=RXMKnzguV9w,25
L26_V030,https://youtube.com/watch?v=Dfk5fHBxAew,25
L26_V031,https://youtube.com/watch?v=PcJIvKEvVlI,25
L26_V032,https://youtube.com/watch?v=tJsRDIkVE8M,25
L26_V033,https://youtube.com/watch?v=sDcpEhZh5ME,25
L26_V034,https://youtube.com/watch?v=zYUnqHAzYAA,25
L26_V035,https://youtube.com/watch?v=AoTYHwN_DvQ,25
L26_V036,https://youtube.com/watch?v=iZY8u7lFDwk,25
L26_V037,https://youtube.com/watch?v=efBnFILh8b4,25
L26_V038,https://youtube.com/watch?v=TCTZWAYVlq0,25
L26_V039,https://youtube.com/watch?v=riwL2bRd_h8,25
L26_V040,https://youtube.com/watch?v=5y7ddxoRGqU,25
L26_V041,https://youtube.com/watch?v=QG6LfBgNGM8,25
L26_V042,https://youtube.com/watch?v=JFj0wOh_Hrg,25
L26_V043,https://youtube.com/watch?v=-3pU3CHkG8c,25
L26_V044,https://youtube.com/watch?v=oUyOoGjbR8o,25
L26_V045,https://youtube.com/watch?v=WxcsVP1DbHE,25
L26_V046,https://youtube.com/watch?v=oTfmbXrJOpU,25
L26_V047,https://youtube.com/watch?v=0G5Jt_yDN2I,25
L26_V048,https://youtube.com/watch?v=_wEYbUfUYDo,25
L26_V049,https://youtube.com/watch?v=Z07Qr8cz4c0,25
L26_V050,https://youtube.com/watch?v=PB0TqI0TIcE,25
L26_V051,https://youtube.com/watch?v=h8ucKndBnnE,25
L26_V052,https://youtube.com/watch?v=5MY1CEbJsv8,25
L26_V053,https://youtube.com/watch?v=HQAR3VnymYg,25
L26_V054,https://youtube.com/watch?v=cAJuNJoGhzg,25
L26_V055,https://youtube.com/watch?v=H4a8fj4-ur0,25
L26_V056,https://youtube.com/watch?v=dVYl-SnTVno,25
L26_V057,https://youtube.com/watch?v=PQAM1SumSHw,25
L26_V058,https://youtube.com/watch?v=95ImmSxip3I,25
L26_V059,https://youtube.com/watch?v=LisEYj6llL8,25
L26_V060,https://youtube.com/watch?v=ahna3qjchXI,25
L26_V061,https://youtube.com/watch?v=HqN_rk26InY,25
L26_V062,https://youtube.com/watch?v=X-XAmwLb2Ao,25
L26_V063,https://youtube.com/watch?v=W2evcLuqNOE,25
L26_V064,https://youtube.com/watch?v=zVZirOItl4o,25
L26_V065,https://youtube.com/watch?v=vfH4tEtYtsc,25
L26_V066,https://youtube.com/watch?v=wAJlQM4d8r0,25
L26_V067,https://youtube.com/watch?v=pl-J_fc0kYw,25
L26_V068,https://youtube.com/watch?v=aYddNi0tdbc,25
L26_V069,https://youtube.com/watch?v=Y6N6OeVv3Tk,25
L26_V070,https://youtube.com/watch?v=15fUBJ4LwZA,25
L26_V071,https://youtube.com/watch?v=q6T26muRFiY,25
L26_V072,https://youtube.com/watch?v=umxw-i1AsrM,25
L26_V073,https://youtube.com/watch?v=IbJxf93gCco,25
L26_V074,https://youtube.com/watch?v=fhwgi-tm6Tg,25
L26_V075,https://youtube.com/watch?v=nPAdsCvGfAE,25
L26_V076,https://youtube.com/watch?v=d4I3qgwsiG8,25
L26_V077,https://youtube.com/watch?v=X2pMfbn4mvU,25
L26_V078,https://youtube.com/watch?v=tQihZMGnjTM,25
L26_V079,https://youtube.com/watch?v=cNK70oHAzyM,25
L26_V080,https://youtube.com/watch?v=9KDPlvqV1vk,25
L26_V081,https://youtube.com/watch?v=tholPg801bU,25
L26_V082,https://youtube.com/watch?v=rvNjkqakBa4,25
L26_V083,https://youtube.com/watch?v=Q_40h8ixmS0,25
L26_V084,https://youtube.com/watch?v=Mgoo-9QQwb0,25
L26_V085,https://youtube.com/watch?v=GdBOHxj7Ixw,25
L26_V086,https://youtube.com/watch?v=wCabnIWTGv4,25
L26_V087,https://youtube.com/watch?v=EnLo3Mwazd4,25
L26_V088,https://youtube.com/watch?v=i3xTOl8WQkI,25
L26_V089,https://youtube.com/watch?v=bQSbB-6jUHQ,25
L26_V090,https://youtube.com/watch?v=O_aGesWy-0c,25
L26_V091,https://youtube.com/watch?v=nLjZqANhaGw,25
L26_V092,https://youtube.com/watch?v=JyQLcg-TJJI,25
L26_V093,https://youtube.com/watch?v=U90XHcBFRUc,25
L26_V094,https://youtube.com/watch?v=7Suurcu-Xl4,25
L26_V095,https://youtube.com/watch?v=pO7HRV9zKVg,25
L26_V096,https://youtube.com/watch?v=FHO3Xf9dHk4,25
L26_V097,https://youtube.com/watch?v=GUgVcLx3tKk,25
L26_V098,https://youtube.com/watch?v=v-TLpP1wv2o,25
L26_V099,https://youtube.com/watch?v=TQBG6m_IBJg,25
L26_V100,https://youtube.com/watch?v=mi2MQ_hkjaw,25
L26_V101,https://youtube.com/watch?v=Aku5I0r7bPE,25
L26_V102,https://youtube.com/watch?v=qYRoUYv_RT8,25
L26_V103,https://youtube.com/watch?v=4rHmvJ17OtI,25
L26_V104,https://youtube.com/watch?v=bNm-Wi_VKWg,25
L26_V105,https://youtube.com/watch?v=Zq3QrfncB2A,25
L26_V106,https://youtube.com/watch?v=0m45Ir6mWjM,25
L26_V107,https://youtube.com/watch?v=9BTyeGO6caE,25
L26_V108,https://youtube.com/watch?v=u-GHfRN6lyc,25
L26_V109,https://youtube.com/watch?v=tbID8vD8WIw,25
L26_V110,https://youtube.com/watch?v=i2kUGYgUpCk,25
L26_V111,https://youtube.com/watch?v=Vo8R0Mfd0bA,25
L26_V112,https://youtube.com/watch?v=BGQ58ngJeDE,25
L26_V113,https://youtube.com/watch?v=D6l71u3IDC0,25
L26_V114,https://youtube.com/watch?v=EDATkp_JoU0,25
L26_V115,https://youtube.com/watch?v=0JyIfxtXmWs,25
L26_V116,https://youtube.com/watch?v=2DWl_J2hjbs,25
L26_V117,https://youtube.com/watch?v=213u3Z00rj8,25
L26_V118,https://youtube.com/watch?v=aBiYAa755dQ,25
L26_V119,https://youtube.com/watch?v=1rphBvWW2_Y,25
L26_V120,https://youtube.com/watch?v=AZMfiMYE8OM,25
L26_V121,https://youtube.com/watch?v=iyf56tbMue8,25
L26_V122,https://youtube.com/watch?v=S030qpzfbaQ,25
L26_V123,https://youtube.com/watch?v=m3PGR0jjgxI,25
L26_V124,https://youtube.com/watch?v=RvNRJBsCeHs,25
L26_V125,https://youtube.com/watch?v=xHbAf2ADXBE,25
L26_V126,https://youtube.com/watch?v=l6vK7KY0QQ4,25
L26_V127,https://youtube.com/watch?v=uZSwsL4hCBM,25
L26_V128,https://youtube.com/watch?v=htyAHlGNlqE,25
L26_V129,https://youtube.com/watch?v=dahf0_Bk7uo,25
L26_V130,https://youtube.com/watch?v=acLUdleteN4,25
L26_V131,https://youtube.com/watch?v=a0dO_yRPGhQ,25
L26_V132,https://youtube.com/watch?v=NJnQNhpQOOA,25
L26_V133,https://youtube.com/watch?v=QIXYR0AAZgY,25
L26_V134,https://youtube.com/watch?v=oonyhViozh4,25
L26_V135,https://youtube.com/watch?v=8VZWuhcO55I,25
L26_V136,https://youtube.com/watch?v=tSOr7_wyWDA,25
L26_V137,https://youtube.com/watch?v=txBHLRirY4o,25
L26_V138,https://youtube.com/watch?v=LTFnkHOPboY,25
L26_V139,https://youtube.com/watch?v=Nl8kAluQOkY,25
L26_V140,https://youtube.com/watch?v=_zvsKiQKCG4,25
L26_V141,https://youtube.com/watch?v=Ok6CBD7ycn0,25
L26_V142,https://youtube.com/watch?v=DrwFFqaIYJ0,25
L26_V143,https://youtube.com/watch?v=XyUWyThRFxw,25
L26_V144,https://youtube.com/watch?v=wwWGrFavoYs,25
L26_V145,https://youtube.com/watch?v=PCld83AkaoE,25
L26_V146,https://youtube.com/watch?v=GjpnR5uXS4k,25
L26_V147,https://youtube.com/watch?v=iAXb1zf6wic,25
L26_V148,https://youtube.com/watch?v=kntHqO2aBN0,25
L26_V149,https://youtube.com/watch?v=AJAOpV2_yT8,25
L26_V150,https://youtube.com/watch?v=j_5M0GLdzWc,25
L26_V151,https://youtube.com/watch?v=5GjJ3z0AmRs,25
L26_V152,https://youtube.com/watch?v=QVdE2cFHyq0,25
L26_V153,https://youtube.com/watch?v=UYAtXbzKin8,25
L26_V154,https://youtube.com/watch?v=ebkgyXWRFXw,25
L26_V155,https://youtube.com/watch?v=jIrwVckMI8g,25
L26_V156,https://youtube.com/watch?v=lBgNACoBMSs,25
L26_V157,https://youtube.com/watch?v=pDhypT33yOM,25
L26_V158,https://youtube.com/watch?v=nzbCt5BcQIk,25
L26_V159,https://youtube.com/watch?v=5HePIHNLkLQ,25
L26_V160,https://youtube.com/watch?v=0iKQPjLI010,25
L26_V161,https://youtube.com/watch?v=DVLpI0VjQF0,25
L26_V162,https://youtube.com/watch?v=Y9o3mjr4rFk,25
L26_V163,https://youtube.com/watch?v=RK7vQDr_Cq0,25
L26_V164,https://youtube.com/watch?v=ROhrB3piUek,25
L26_V165,https://youtube.com/watch?v=urU_HEoU1gg,25
L26_V166,https://youtube.com/watch?v=XaQa9brFLUw,25
L26_V167,https://youtube.com/watch?v=0HZa3wZfoG4,25
L26_V168,https://youtube.com/watch?v=SOGldr7j71M,25
L26_V169,https://youtube.com/watch?v=dYNHe0fYXXs,25
L26_V170,https://youtube.com/watch?v=ZKJpWLeyefs,25
L26_V171,https://youtube.com/watch?v=iqrH17ePJpU,25
L26_V172,https://youtube.com/watch?v=eX90--QIvp4,25
L26_V173,https://youtube.com/watch?v=mj4vAWGME1g,25
L26_V174,https://youtube.com/watch?v=qNcPXpmcldM,25
L26_V175,https://youtube.com/watch?v=R9U9njBBoxY,25
L26_V176,https://youtube.com/watch?v=dtggbYokGNM,25
L26_V177,https://youtube.com/watch?v=zD6FTlf0uHo,25
L26_V178,https://youtube.com/watch?v=8h9k5tBc9Ic,25
L26_V179,https://youtube.com/watch?v=kuTXGaSg0Pg,25
L26_V180,https://youtube.com/watch?v=yTx_z-AOamQ,25
L26_V181,https://youtube.com/watch?v=CymX2a-cZE4,25
L26_V182,https://youtube.com/watch?v=TN9t7Lp84u4,25
L26_V183,https://youtube.com/watch?v=j3BITM60cyY,25
L26_V184,https://youtube.com/watch?v=MyVmuWTRTXA,25
L26_V185,https://youtube.com/watch?v=-T_9LhKOwuc,25
L26_V186,https://youtube.com/watch?v=171F32Y7otE,25
L26_V187,https://youtube.com/watch?v=TmvxhlThOU4,25
L26_V188,https://youtube.com/watch?v=y2hqfUIYHvM,25
L26_V189,https://youtube.com/watch?v=KFjCuu-boyw,25
L26_V190,https://youtube.com/watch?v=nCpBbOOfCNk,25
L26_V191,https://youtube.com/watch?v=j8JySlBZ5SI,25
L26_V192,https://youtube.com/watch?v=p-sTCD_J530,25
L26_V193,https://youtube.com/watch?v=mkO39aewcf0,25
L26_V194,https://youtube.com/watch?v=k674VQhvDPo,25
L26_V195,https://youtube.com/watch?v=Cxk2Bk2LWNw,25
L26_V196,https://youtube.com/watch?v=osKTolLRubc,25
L26_V197,https://youtube.com/watch?v=UVrl268vzeY,25
L26_V198,https://youtube.com/watch?v=LWTx34iyqn8,25
L26_V199,https://youtube.com/watch?v=yZ93hdzWzBk,25
L26_V200,https://youtube.com/watch?v=BPSHU456L1U,25
L26_V201,https://youtube.com/watch?v=_tIAL5eziNA,25
L26_V202,https://youtube.com/watch?v=pGvzwj1UJ8g,25
L26_V203,https://youtube.com/watch?v=-yP4nYfuTHE,25
L26_V204,https://youtube.com/watch?v=xh1sd5d3SPc,25
L26_V205,https://youtube.com/watch?v=Y-ImrEyKWYk,25
L26_V206,https://youtube.com/watch?v=PInFIIZ4lNw,25
L26_V207,https://youtube.com/watch?v=kmMGeTsuM2Q,25
L26_V208,https://youtube.com/watch?v=D8RgVCetC-g,25
L26_V209,https://youtube.com/watch?v=UUr7uLYjkDE,25
L26_V210,https://youtube.com/watch?v=aSBfMk5FZlU,25
L26_V211,https://youtube.com/watch?v=tfTwi1neVkM,25
L26_V212,https://youtube.com/watch?v=qi_juJ0Lu18,25
L26_V213,https://youtube.com/watch?v=W5Jpc3FMFF0,25
L26_V214,https://youtube.com/watch?v=FjHxy7vQSNc,25
L26_V215,https://youtube.com/watch?v=HVe_Jjf_agI,25
L26_V216,https://youtube.com/watch?v=MIfibZBhqSY,25
L26_V217,https://youtube.com/watch?v=JFtVRf0qI10,25
L26_V218,https://youtube.com/watch?v=0L8hwHKbf-w,25
L26_V219,https://youtube.com/watch?v=bvAIo6br4l0,25
L26_V220,https://youtube.com/watch?v=SWOHxSIc4Sw,25
L26_V221,https://youtube.com/watch?v=n-T4J76fIZA,25
L26_V222,https://youtube.com/watch?v=1xQVChdOA1U,25
L26_V223,https://youtube.com/watch?v=QNjlCJOYMEY,25
L26_V224,https://youtube.com/watch?v=4Qbu-E3hAaI,25
L26_V225,https://youtube.com/watch?v=AJJHahQmdwg,25
L26_V226,https://youtube.com/watch?v=C_HYkZoZanY,25
L26_V227,https://youtube.com/watch?v=Q-dpRfH7DiI,25
L26_V228,https://youtube.com/watch?v=u0DFdf5iOqE,25
L26_V229,https://youtube.com/watch?v=cgRU9QrX11s,25
L26_V230,https://youtube.com/watch?v=8v7wcDw5_08,25
L26_V231,https://youtube.com/watch?v=X7QFY0IsahY,25
L26_V232,https://youtube.com/watch?v=mPCtbPYvWy0,25
L26_V233,https://youtube.com/watch?v=ohts95jErkw,25
L26_V234,https://youtube.com/watch?v=F8OPdp-KVf4,25
L26_V235,https://youtube.com/watch?v=T6QGyWH3JiQ,25
L26_V236,https://youtube.com/watch?v=IAZfFm3fcuE,25
L26_V237,https://youtube.com/watch?v=_qCNTh_m5y4,25
L26_V238,https://youtube.com/watch?v=wBDYtAe_H8c,25
L26_V239,https://youtube.com/watch?v=a4O0BwF0fDo,25
L26_V240,https://youtube.com/watch?v=yN1nBn33wfk,25
L26_V241,https://youtube.com/watch?v=FW8FsYSyo6o,25
L26_V242,https://youtube.com/watch?v=TqhpA_ltsAg,25
L26_V243,https://youtube.com/watch?v=9J4Id9z-44U,25
L26_V244,https://youtube.com/watch?v=YdiBf0clOwU,25
L26_V245,https://youtube.com/watch?v=OdRWK23BBHM,25
L26_V246,https://youtube.com/watch?v=UGWYzpIAMig,25
L26_V247,https://youtube.com/watch?v=0FYO04mB24Q,25
L26_V248,https://youtube.com/watch?v=0tW4scga504,25
L26_V249,https://youtube.com/watch?v=h8TfdoVyTSU,25
L26_V250,https://youtube.com/watch?v=ySMvBS_jpFY,25
L26_V251,https://youtube.com/watch?v=JpFLzLdj1Eg,25
L26_V252,https://youtube.com/watch?v=5-rhF4QGzr8,25
L26_V253,https://youtube.com/watch?v=rkIKFFV-s30,25
L26_V254,https://youtube.com/watch?v=Wo65-e-nKl4,25
L26_V255,https://youtube.com/watch?v=De-QNRW2oZE,25
L26_V256,https://youtube.com/watch?v=Nvz9K8zzAGo,25
L26_V257,https://youtube.com/watch?v=Atq_v9a_kDk,25
L26_V258,https://youtube.com/watch?v=7hsu0E5y8bY,25
L26_V259,https://youtube.com/watch?v=uUNz6RIH1zc,25
L26_V260,https://youtube.com/watch?v=ONl_9EutZx4,25
L26_V261,https://youtube.com/watch?v=iJynfKvab8Q,25
L26_V262,https://youtube.com/watch?v=DKP6uZsYESY,25
L26_V263,https://youtube.com/watch?v=G4bSOLVNDNQ,25
L26_V264,https://youtube.com/watch?v=Etw9aEk0_eU,25
L26_V265,https://youtube.com/watch?v=6s3LaPdvMz0,25
L26_V266,https://youtube.com/watch?v=BfZRg3dSHSc,25
L26_V267,https://youtube.com/watch?v=9LFmPp8xHFk,25
L26_V268,https://youtube.com/watch?v=hfJAtdCZCLo,25
L26_V269,https://youtube.com/watch?v=HYEss-3IBeo,25
L26_V270,https://youtube.com/watch?v=qJdovwIJgc0,25
L26_V271,https://youtube.com/watch?v=zpa0HhoDQ9k,25
L26_V272,https://youtube.com/watch?v=jMI88HGpJdY,25
L26_V273,https://youtube.com/watch?v=nWQDKMV3usM,25
L26_V274,https://youtube.com/watch?v=uFGV2cuLLkQ,25
L26_V275,https://youtube.com/watch?v=PS_R03IXD1Y,25
L26_V276,https://youtube.com/watch?v=-jDdAZZteSY,25
L26_V277,https://youtube.com/watch?v=IDGkB9ofy30,25
L26_V278,https://youtube.com/watch?v=kQreulyoes8,25
L26_V279,https://youtube.com/watch?v=xbwzhKmxUB8,25
L26_V280,https://youtube.com/watch?v=cP2zWggBfEs,25
L26_V281,https://youtube.com/watch?v=XntJwAE2tBY,25
L26_V282,https://youtube.com/watch?v=FXUu02eBp6Q,25
L26_V283,https://youtube.com/watch?v=HX3Fx7j8bbg,25
L26_V284,https://youtube.com/watch?v=7HBqqgGg78w,25
L26_V285,https://youtube.com/watch?v=2t9EezJ-CTM,25
L26_V286,https://youtube.com/watch?v=WV-Fb7z9pHw,25
L26_V287,https://youtube.com/watch?v=KilZphBUWt0,25
L26_V288,https://youtube.com/watch?v=a1nlbNBAGLU,25
L26_V289,https://youtube.com/watch?v=oXmG2V3aceE,25
L26_V290,https://youtube.com/watch?v=qnR80Jcr570,25
L26_V291,https://youtube.com/watch?v=I_QgjLh9TJY,25
L26_V292,https://youtube.com/watch?v=t7VyS5wBquE,25
L26_V293,https://youtube.com/watch?v=wnIlJLsLKfc,25
L26_V294,https://youtube.com/watch?v=SetsFM5soWU,25
L26_V295,https://youtube.com/watch?v=86WbugXowW4,25
L26_V296,https://youtube.com/watch?v=6Qz8NYnrsZk,25
L26_V297,https://youtube.com/watch?v=qGbYJmZX584,25
L26_V298,https://youtube.com/watch?v=kBii1DFcpmU,25
L26_V299,https://youtube.com/watch?v=oXr_C6KOIys,25
L26_V300,https://youtube.com/watch?v=Tb702amAZpI,25
L26_V301,https://youtube.com/watch?v=u0Du1HN2AjU,25
L26_V302,https://youtube.com/watch?v=OIHBvGmHDQA,25
L26_V303,https://youtube.com/watch?v=TZKbVRJmMK8,25
L26_V304,https://youtube.com/watch?v=m1ySeswtnNE,25
L26_V305,https://youtube.com/watch?v=M_WuJ7y00k8,25
L26_V306,https://youtube.com/watch?v=9iqhYp5DvfM,25
L26_V307,https://youtube.com/watch?v=X4KUErpcNRU,25
L26_V308,https://youtube.com/watch?v=0iz7ILLFzA8,25
L26_V309,https://youtube.com/watch?v=jHp4AFQbBq4,25
L26_V310,https://youtube.com/watch?v=QaPQzZtJ59o,25
L26_V311,https://youtube.com/watch?v=is4fcdOY3DM,25
L26_V312,https://youtube.com/watch?v=QqSE5QV_Fic,25
L26_V313,https://youtube.com/watch?v=39kUZkr0u_w,25
L26_V314,https://youtube.com/watch?v=oxizVVMWNHI,25
L26_V315,https://youtube.com/watch?v=8l9CDeR_q00,25
L26_V316,https://youtube.com/watch?v=nZ8rV5OFfK4,25
L26_V317,https://youtube.com/watch?v=3VMF58Qnt9c,25
L26_V318,https://youtube.com/watch?v=9FaiixMYXfk,25
L26_V319,https://youtube.com/watch?v=1h4SqhwjviQ,25
L26_V320,https://youtube.com/watch?v=01tBbqcb5X8,25
L26_V321,https://youtube.com/watch?v=Gtub1upPTtA,25
L26_V322,https://youtube.com/watch?v=K44CN_GfSXw,25
L26_V323,https://youtube.com/watch?v=du25VI_HFn4,25
L26_V324,https://youtube.com/watch?v=uZ3JaEGqKBY,25
L26_V325,https://youtube.com/watch?v=xCq4z5Uv7wA,25
L26_V326,https://youtube.com/watch?v=KZZvZy5EEDA,25
L26_V327,https://youtube.com/watch?v=iXZcbSMlosc,25
L26_V328,https://youtube.com/watch?v=MgTrEPhIRVE,25
L26_V329,https://youtube.com/watch?v=LVvoaJbCqZc,25
L26_V330,https://youtube.com/watch?v=ceMXzk6NH8M,25
L26_V331,https://youtube.com/watch?v=lrajXCyMRQM,25
L26_V332,https://youtube.com/watch?v=b0--BNERxzI,25
L26_V333,https://youtube.com/watch?v=RPr7d6g5mWs,25
L26_V334,https://youtube.com/watch?v=G9qhPRHmgaM,25
L26_V335,https://youtube.com/watch?v=LhExit6DREc,25
L26_V336,https://youtube.com/watch?v=M2MIKGPPZx0,25
L26_V337,https://youtube.com/watch?v=ADg1ELSWpJ8,25
L26_V338,https://youtube.com/watch?v=dTzFSs_9eXE,25
L26_V339,https://youtube.com/watch?v=iw1mFa3Pj3w,25
L26_V340,https://youtube.com/watch?v=sCNuUgVAxBk,25
L26_V341,https://youtube.com/watch?v=RhttIsvlPxg,25
L26_V342,https://youtube.com/watch?v=pIaBfX3quwg,25
L26_V343,https://youtube.com/watch?v=zAxsgwe0-vw,25
L26_V344,https://youtube.com/watch?v=KsPFZ-loo9c,25
L26_V345,https://youtube.com/watch?v=KgLmHS5xle8,25
L26_V346,https://youtube.com/watch?v=dYl-JxVwBl4,25
L26_V347,https://youtube.com/watch?v=u8_CAO50zY8,25
L26_V348,https://youtube.com/watch?v=gxJmsqkvLxg,25
L26_V349,https://youtube.com/watch?v=GfOk246OWWk,25
L26_V350,https://youtube.com/watch?v=4dzk7smjIdI,25
L26_V351,https://youtube.com/watch?v=ZhnjSk6_P1g,25
L26_V352,https://youtube.com/watch?v=_Fy-melIgu0,25
L26_V353,https://youtube.com/watch?v=-Qe_Kgdos6Y,25
L26_V354,https://youtube.com/watch?v=PerSNt8tlH8,25
L26_V355,https://youtube.com/watch?v=0s_-9PSrFGw,25
L26_V356,https://youtube.com/watch?v=6MJmCNSUFVc,25
L26_V357,https://youtube.com/watch?v=WEWNlizdEjk,25
L26_V358,https://youtube.com/watch?v=fz7ye15FOCI,25
L26_V359,https://youtube.com/watch?v=MhoPgAMwdY0,25
L26_V360,https://youtube.com/watch?v=o1Z_3v6gXUc,25
L26_V361,https://youtube.com/watch?v=3_NcXQi_KpY,25
L26_V362,https://youtube.com/watch?v=S8pIBY6aaTI,25
L26_V363,https://youtube.com/watch?v=uQW4QL-gUDs,25
L26_V364,https://youtube.com/watch?v=9W17MUtEjxI,25
L26_V365,https://youtube.com/watch?v=K7SMAZ-_34U,25
L26_V366,https://youtube.com/watch?v=Ok9Su_FX9-A,25
L26_V367,https://youtube.com/watch?v=KlSNBEmErDI,25
L26_V368,https://youtube.com/watch?v=FiQMXqqtpZ4,25
L26_V369,https://youtube.com/watch?v=SjFRnDF0Ng8,25
L26_V370,https://youtube.com/watch?v=MXVLC8chopQ,25
L26_V371,https://youtube.com/watch?v=7wi_q8VZ2fk,25
L26_V372,https://youtube.com/watch?v=BDvCRPQ_dzM,25
L26_V373,https://youtube.com/watch?v=7UO0_nQoJyk,25
L26_V374,https://youtube.com/watch?v=8NT0zL6ksRw,25
L26_V375,https://youtube.com/watch?v=ECHWReXoGHo,25
L26_V376,https://youtube.com/watch?v=AhD-uVUru3o,25
L26_V377,https://youtube.com/watch?v=q4U5qs-4H2w,25
L26_V378,https://youtube.com/watch?v=gALqd9q9u44,25
L26_V379,https://youtube.com/watch?v=AsFe9JwHbg0,25
L26_V380,https://youtube.com/watch?v=bJlabwGIwOA,25
L26_V381,https://youtube.com/watch?v=oCwrcgq5tcA,25
L26_V382,https://youtube.com/watch?v=xczNsEztibQ,25
L26_V383,https://youtube.com/watch?v=hoMgagpL4ks,25
L26_V384,https://youtube.com/watch?v=7cxawrrvyAY,25
L26_V385,https://youtube.com/watch?v=dFw80s91RD4,25
L26_V386,https://youtube.com/watch?v=wl9H_FKHEVc,25
L26_V387,https://youtube.com/watch?v=xWPu8302D_s,25
L26_V388,https://youtube.com/watch?v=mOMKSyZdfQA,25
L26_V389,https://youtube.com/watch?v=hdMg3UjzpkU,25
L26_V390,https://youtube.com/watch?v=KzuYM7HMtnw,25
L26_V391,https://youtube.com/watch?v=knFcuRY0Ccs,25
L26_V392,https://youtube.com/watch?v=ehkB5A2c6wo,25
L26_V393,https://youtube.com/watch?v=c8ap73a7MgI,25
L26_V394,https://youtube.com/watch?v=1zYHUHUco9c,25
L26_V395,https://youtube.com/watch?v=JlaiKENuhb8,25
L26_V396,https://youtube.com/watch?v=ignrdOUlbfU,25
L26_V397,https://youtube.com/watch?v=jzu2-m41oa4,25
L26_V398,https://youtube.com/watch?v=qS2VBSZkHGk,25
L26_V399,https://youtube.com/watch?v=8l8-ECVWbfE,25
L26_V400,https://youtube.com/watch?v=WbmzWeZ54ZI,25
L26_V401,https://youtube.com/watch?v=H9mTDCKE9fY,25
L26_V402,https://youtube.com/watch?v=Bvr9b3fp1R0,25
L26_V403,https://youtube.com/watch?v=d3nPgMo0N-s,25
L26_V404,https://youtube.com/watch?v=UiT_xrGC4m4,25
L26_V405,https://youtube.com/watch?v=2zy_TuZPj8E,25
L26_V406,https://youtube.com/watch?v=OE7fbNbxYwI,25
L26_V407,https://youtube.com/watch?v=KuSygi_pQpw,25
L26_V408,https://youtube.com/watch?v=g-MI3181WwQ,25
L26_V409,https://youtube.com/watch?v=IabnfCcHrgk,25
L26_V410,https://youtube.com/watch?v=KnXnMEFa1vs,25
L26_V411,https://youtube.com/watch?v=of_eNk0V68g,25
L26_V412,https://youtube.com/watch?v=3awYChyEtOE,25
L26_V413,https://youtube.com/watch?v=Qsu3jn2iugU,25
L26_V414,https://youtube.com/watch?v=V2A-EXwtplA,25
L26_V415,https://youtube.com/watch?v=U697iOuxRpo,25
L26_V416,https://youtube.com/watch?v=CwEW1qhG49Y,25
L26_V418,https://youtube.com/watch?v=qPiqwfbQ9Nc,25
L26_V419,https://youtube.com/watch?v=9X9LqKn1mP4,25
L26_V420,https://youtube.com/watch?v=DL_AmjUOpGI,25
L26_V421,https://youtube.com/watch?v=3xvTGWedzog,25
L26_V422,https://youtube.com/watch?v=okTh85UWfzU,25
L26_V423,https://youtube.com/watch?v=cnn9BXk3rqg,25
L26_V424,https://youtube.com/watch?v=Yi0ZxwttVy8,25
L26_V425,https://youtube.com/watch?v=47qDn5duZxc,25
L26_V426,https://youtube.com/watch?v=llRdpD6SFYk,25
L26_V427,https://youtube.com/watch?v=qZeKXZlDB9Q,25
L26_V428,https://youtube.com/watch?v=NEv8QQgCi38,25
L26_V429,https://youtube.com/watch?v=73NE13FbGnM,25
L26_V430,https://youtube.com/watch?v=Gynh_g4l5Hk,25
L26_V431,https://youtube.com/watch?v=LMbFDBvJZJA,25
L26_V432,https://youtube.com/watch?v=gpmcxpYu9BE,25
L26_V433,https://youtube.com/watch?v=YLodN96P3qM,25
L26_V434,https://youtube.com/watch?v=ykYBy3JxEZU,25
L26_V435,https://youtube.com/watch?v=CoMNF2w1mQM,25
L26_V436,https://youtube.com/watch?v=EapwHUN1qR8,25
L26_V437,https://youtube.com/watch?v=yfLixQQ5E9o,25
L26_V438,https://youtube.com/watch?v=-hNBkbPSboE,25
L26_V439,https://youtube.com/watch?v=VhFoKacVZv8,25
L26_V440,https://youtube.com/watch?v=PWhVBSoLJpw,25
L26_V441,https://youtube.com/watch?v=KyXQBW5QyK0,25
L26_V442,https://youtube.com/watch?v=lmZZcVPoNsQ,25
L26_V443,https://youtube.com/watch?v=3O6Wan91Ba0,25
L26_V444,https://youtube.com/watch?v=0sJowTSfp60,25
L26_V445,https://youtube.com/watch?v=YhcKiw-YNd8,25
L26_V446,https://youtube.com/watch?v=D6ZL_eCB2qw,25
L26_V447,https://youtube.com/watch?v=91MrdC5dEvs,25
L26_V448,https://youtube.com/watch?v=K46pH2_N6Kk,25
L26_V449,https://youtube.com/watch?v=1sNH9bBdokI,25
L26_V450,https://youtube.com/watch?v=kTJu6gXaYRQ,25
L26_V451,https://youtube.com/watch?v=5NyvzEMOaRM,25
L26_V452,https://youtube.com/watch?v=4264hPsyJEk,25
L26_V453,https://youtube.com/watch?v=aRY1KZgZynQ,25
L26_V454,https://youtube.com/watch?v=Uh7C0S1N-TU,25
L26_V455,https://youtube.com/watch?v=ZEEhpTxDZR8,25
L26_V456,https://youtube.com/watch?v=iGbe_yqY4f8,25
L26_V457,https://youtube.com/watch?v=TDwN1XCYcn0,25
L26_V458,https://youtube.com/watch?v=7KV2wcLeHxI,25
L26_V459,https://youtube.com/watch?v=T2zCtyfyeBM,25
L26_V460,https://youtube.com/watch?v=yVt1fr9BAlU,25
L26_V461,https://youtube.com/watch?v=XiDjzKLHR5Y,25
L26_V462,https://youtube.com/watch?v=aS6LWCg1mm0,25
L26_V463,https://youtube.com/watch?v=ruraYsk-MDA,25
L26_V464,https://youtube.com/watch?v=JlVS5Avhg5w,25
L26_V465,https://youtube.com/watch?v=gBfMxCrFfRM,25
L26_V466,https://youtube.com/watch?v=Y9UVc4FwDzg,25
L26_V467,https://youtube.com/watch?v=pAwi-wEjDCc,25
L26_V468,https://youtube.com/watch?v=27AvnVM31_8,25
L26_V469,https://youtube.com/watch?v=ckPEMmsu5hY,25
L26_V470,https://youtube.com/watch?v=CS2Akz1OOic,25
L26_V471,https://youtube.com/watch?v=NHWaAaozQas,25
L26_V472,https://youtube.com/watch?v=hp72Q5U2E0I,25
L26_V473,https://youtube.com/watch?v=IHRtnGACx4M,25
L26_V474,https://youtube.com/watch?v=fuQ4ZNpu7gc,25
L26_V475,https://youtube.com/watch?v=VwASMZqxZuQ,25
L26_V476,https://youtube.com/watch?v=XleUq4nJGGg,25
L26_V477,https://youtube.com/watch?v=hhLGEWRz_4s,25
L26_V478,https://youtube.com/watch?v=XghaqnEFgRM,25
L26_V479,https://youtube.com/watch?v=_VgfwLN0H_0,25
L26_V480,https://youtube.com/watch?v=Nf2rT3KDBKI,25
L26_V481,https://youtube.com/watch?v=b8XfRRFern0,25
L26_V482,https://youtube.com/watch?v=YdW-OBMoPqg,25
L26_V483,https://youtube.com/watch?v=GuMlqao9YRE,25
L26_V484,https://youtube.com/watch?v=TRUGN5A1csU,25
L26_V485,https://youtube.com/watch?v=0oTiFJUdqpE,25
L26_V486,https://youtube.com/watch?v=ELTbbf5ISP8,25
L26_V487,https://youtube.com/watch?v=Q5JBViR2OaY,25
L26_V488,https://youtube.com/watch?v=6zf1v9YDcgU,25
L26_V489,https://youtube.com/watch?v=qMVUZpghsrE,25
L26_V490,https://youtube.com/watch?v=_-Zd4lQnAnI,25
L26_V491,https://youtube.com/watch?v=wmZWRI8T9CQ,25
L26_V492,https://youtube.com/watch?v=ZywPFLu9dos,25
L26_V493,https://youtube.com/watch?v=wFLYkAlGt10,25
L26_V494,https://youtube.com/watch?v=Zc_zw3FR6Pc,25
L26_V495,https://youtube.com/watch?v=ooCegsCSEkM,25
L26_V496,https://youtube.com/watch?v=ISS_V1_t6sg,25
L26_V497,https://youtube.com/watch?v=-ojux-HklLc,25
L26_V498,https://youtube.com/watch?v=oBnxnZ-YeP8,25
L26_V499,https://youtube.com/watch?v=qsIhLw5xIgA,25
L27_V001,https://youtube.com/watch?v=6_4YFckbd1g,25
L27_V002,https://youtube.com/watch?v=qgPsK3GjSXc,25
L27_V003,https://youtube.com/watch?v=2Ol1Lv9JtMc,25
L27_V004,https://youtube.com/watch?v=peuk4c36Fvg,25
L27_V005,https://youtube.com/watch?v=IwxcTZ7U_UM,25
L27_V006,https://youtube.com/watch?v=kHqIiNIJaM0,25
L27_V007,https://youtube.com/watch?v=cQprP6LQDuQ,25
L27_V008,https://youtube.com/watch?v=J6IGW1zbjZU,25
L27_V009,https://youtube.com/watch?v=G18wvtz_7aA,25
L27_V010,https://youtube.com/watch?v=ztY08a2hmg8,25
L27_V011,https://youtube.com/watch?v=MS5NPYXl6F4,25
L27_V012,https://youtube.com/watch?v=hPva71jR_vQ,25
L27_V013,https://youtube.com/watch?v=xGFcE9L6aU0,25
L27_V014,https://youtube.com/watch?v=yQvVjEyOSro,25
L27_V015,https://youtube.com/watch?v=T0bW8kAbJQw,25
L27_V016,https://youtube.com/watch?v=JRTSR1inWyg,25
L28_V001,https://youtube.com/watch?v=NsjPtzHAP9k,25
L28_V002,https://youtube.com/watch?v=P-2w4ZQ8cfY,25
L28_V003,https://youtube.com/watch?v=drvFdl-YyEg,25
L28_V004,https://youtube.com/watch?v=TvAkmSILNAI,25
L28_V005,https://youtube.com/watch?v=mZ3T2GFsxF8,25
L28_V006,https://youtube.com/watch?v=yATaJAabU7o,25
L28_V007,https://youtube.com/watch?v=qJb7coqrBPs,25
L28_V008,https://youtube.com/watch?v=CGG6plMAZAI,25
L28_V009,https://youtube.com/watch?v=uYy6Wjn5shc,25
L28_V010,https://youtube.com/watch?v=00vX5XaaR1g,25
L28_V011,https://youtube.com/watch?v=1uRzTNscALU,25
L28_V012,https://youtube.com/watch?v=3XVfUsKAqZs,25
L28_V013,https://youtube.com/watch?v=ngVtBZ5euhM,25
L28_V014,https://youtube.com/watch?v=JuldTsGDanc,25
L28_V015,https://youtube.com/watch?v=Khd020nLqc4,25
L28_V016,https://youtube.com/watch?v=Fd0RDp8WRYs,25
L28_V017,https://youtube.com/watch?v=2V7ehQvX5vc,25
L28_V018,https://youtube.com/watch?v=ZpgX2kDHSRY,25
L28_V019,https://youtube.com/watch?v=QUJ1H3R_8Cw,25
L28_V020,https://youtube.com/watch?v=Roat2usqL5M,25
L28_V021,https://youtube.com/watch?v=9emEf_l9VYY,25
L28_V022,https://youtube.com/watch?v=2epORUZoAVA,25
L28_V023,https://youtube.com/watch?v=-CuZ6u6T4eM,25
L28_V024,https://youtube.com/watch?v=z-n2TiNYzkk,25
L29_V001,https://youtube.com/watch?v=eIGo6ijIfXI,25
L29_V002,https://youtube.com/watch?v=wtvd-QeSJbI,25
L29_V003,https://youtube.com/watch?v=nYSWDBktoD4,25
L29_V004,https://youtube.com/watch?v=VGGQv1S47wk,25
L29_V005,https://youtube.com/watch?v=DOiWrnu9pDQ,25
L29_V006,https://youtube.com/watch?v=rnkWGeN6NeQ,25
L29_V007,https://youtube.com/watch?v=WvQyARkVfaw,25
L29_V008,https://youtube.com/watch?v=2-1IsZt5gO4,25
L29_V009,https://youtube.com/watch?v=r2piPBjdWh4,25
L29_V010,https://youtube.com/watch?v=u3Y_ngROflM,25
L29_V011,https://youtube.com/watch?v=RilnkY0S9Ik,25
L29_V012,https://youtube.com/watch?v=JmOtq-8ph_U,25
L29_V013,https://youtube.com/watch?v=dkfc-Bd3dac,25
L29_V014,https://youtube.com/watch?v=dlkqreqM78g,25
L29_V015,https://youtube.com/watch?v=H8SyI38Rd-M,25
L29_V016,https://youtube.com/watch?v=eIIFK5Eq2SM,25
L29_V017,https://youtube.com/watch?v=g7fxVyYXRts,25
L29_V018,https://youtube.com/watch?v=P_XTsXOuMcg,25
L29_V019,https://youtube.com/watch?v=5sItinhLIDI,25
L29_V020,https://youtube.com/watch?v=xz46Hs9awuc,25
L29_V021,https://youtube.com/watch?v=wqEyM3rGuWs,25
L29_V022,https://youtube.com/watch?v=bPeuYIROeTA,25
L29_V023,https://youtube.com/watch?v=vgQQe1AS9Y4,25
L30_V001,https://youtube.com/watch?v=-3DpZteWZW4,25
L30_V002,https://youtube.com/watch?v=49QGabZZdHI,25
L30_V003,https://youtube.com/watch?v=fmE7xoSNjcU,25
L30_V004,https://youtube.com/watch?v=Tw8amdW5_kY,25
L30_V005,https://youtube.com/watch?v=xhwVO3V9oi0,25
L30_V006,https://youtube.com/watch?v=VFlp6KZL3uI,25
L30_V007,https://youtube.com/watch?v=aW1gnfvMIag,25
L30_V008,https://youtube.com/watch?v=wy7GtcNaVZU,25
L30_V009,https://youtube.com/watch?v=gsR4rCct7RE,25
L30_V010,https://youtube.com/watch?v=zOJqflPAaxk,25
L30_V011,https://youtube.com/watch?v=TE9WlQX9O8Y,25
L30_V012,https://youtube.com/watch?v=IQ-dAO4DtLY,25
L30_V013,https://youtube.com/watch?v=ZTrhZW1Mu44,25
L30_V014,https://youtube.com/watch?v=UBROYKS3SQE,25
L30_V015,https://youtube.com/watch?v=A1vwxmEFNFo,25
L30_V016,https://youtube.com/watch?v=3yXbJYJWOQY,25
L30_V017,https://youtube.com/watch?v=GXNXxVZiKwg,25
L30_V018,https://youtube.com/watch?v=B1caF2UNKYM,25
L30_V019,https://youtube.com/watch?v=uLKK8dCYLA0,25
L30_V020,https://youtube.com/watch?v=IWROho5sjF4,25
L30_V021,https://youtube.com/watch?v=sOtGZ_7XXSA,25
L30_V022,https://youtube.com/watch?v=RStRfBY39hU,25
L30_V023,https://youtube.com/watch?v=QrckUWVBXM4,25
L30_V024,https://youtube.com/watch?v=XWfzuNXMg0I,25
L30_V025,https://youtube.com/watch?v=ig2iI8azYTU,25
L30_V026,https://youtube.com/watch?v=zOC3PjaOmpU,25
L30_V027,https://youtube.com/watch?v=BNQ36v3g_38,25
L30_V028,https://youtube.com/watch?v=zU7WeOX915I,25
L30_V029,https://youtube.com/watch?v=6KXhreofgZo,25
L30_V030,https://youtube.com/watch?v=ZdRtPntRebI,25
L30_V031,https://youtube.com/watch?v=IGK0b-SsBT8,25
L30_V032,https://youtube.com/watch?v=A1YYKssUaSM,25
L30_V033,https://youtube.com/watch?v=YCbabfKHttc,25
L30_V034,https://youtube.com/watch?v=azvN9E0FCYQ,25
L30_V035,https://youtube.com/watch?v=3SVVqwSgEts,25
L30_V036,https://youtube.com/watch?v=hIYbICLJGHU,25
L30_V037,https://youtube.com/watch?v=REoDm1UvwWQ,25
L30_V038,https://youtube.com/watch?v=04XAyCRw-r4,25
L30_V039,https://youtube.com/watch?v=dwz3Pu_5_Oo,25
L30_V040,https://youtube.com/watch?v=-SYD0wQjPd4,25
L30_V041,https://youtube.com/watch?v=0D9KW8W5Mdo,25
L30_V042,https://youtube.com/watch?v=SUYmkr_-7BM,25
L30_V043,https://youtube.com/watch?v=xZ-h9mdkAJQ,25
L30_V044,https://youtube.com/watch?v=iKakpS0KqWw,25
L30_V045,https://youtube.com/watch?v=EWX1ttKXD7M,25
L30_V046,https://youtube.com/watch?v=iE0x-jNnoOo,25
L30_V047,https://youtube.com/watch?v=-2NpDMgM_Mw,25
L30_V048,https://youtube.com/watch?v=W2cRLfkrO48,25
L30_V049,https://youtube.com/watch?v=T6SGHUssBlM,25
L30_V050,https://youtube.com/watch?v=s0uarvHzsjs,25
L30_V051,https://youtube.com/watch?v=liDOA4iMlbQ,25
L30_V052,https://youtube.com/watch?v=TMmA7_vyyDk,25
L30_V053,https://youtube.com/watch?v=UtSsdQOaQXo,25
L30_V054,https://youtube.com/watch?v=fUmpbxxwUjI,25
L30_V055,https://youtube.com/watch?v=I9lgobC7zW0,25
L30_V056,https://youtube.com/watch?v=n9n7jZ0826M,25
L30_V057,https://youtube.com/watch?v=1O85iaSp8mI,25
L30_V058,https://youtube.com/watch?v=aBCOzE6WZOI,25
L30_V059,https://youtube.com/watch?v=F0Fhw_0kp4g,25
L30_V060,https://youtube.com/watch?v=iy5C9JmUtI4,25
L30_V061,https://youtube.com/watch?v=Go8EU72klWA,25
L30_V062,https://youtube.com/watch?v=QFYzmxM_I4Q,25
L30_V063,https://youtube.com/watch?v=LQ2dPgNzKfQ,25
L30_V064,https://youtube.com/watch?v=yiHDcwStnhM,25
L30_V065,https://youtube.com/watch?v=hV4kwDQgdvw,25
L30_V066,https://youtube.com/watch?v=qvaL7aPATFc,25
L30_V067,https://youtube.com/watch?v=eZYnHmFDIro,25
L30_V068,https://youtube.com/watch?v=gR0mTeteR04,25
L30_V069,https://youtube.com/watch?v=ezQ4LR54rnk,25
L30_V070,https://youtube.com/watch?v=fVB_dRzhaN0,25
L30_V071,https://youtube.com/watch?v=ywjjXVohLNs,25
L30_V072,https://youtube.com/watch?v=-imEtAqSvgY,25
L30_V073,https://youtube.com/watch?v=3tBU3Pa2ys8,25
L30_V074,https://youtube.com/watch?v=HFV6Jaspld8,25
L30_V075,https://youtube.com/watch?v=IEZtrkG794I,25
L30_V076,https://youtube.com/watch?v=B2vIR7EZnac,25
L30_V077,https://youtube.com/watch?v=oOqxp67tCgQ,25
L30_V078,https://youtube.com/watch?v=rNnSnWrITiY,25
L30_V079,https://youtube.com/watch?v=ooARL85vaYE,25
L30_V080,https://youtube.com/watch?v=AbRc6CLY_M8,25
L30_V081,https://youtube.com/watch?v=jEEh04VGLtw,25
L30_V082,https://youtube.com/watch?v=2jFspBwznPw,25
L30_V083,https://youtube.com/watch?v=lRUf6mjdd4s,25
L30_V084,https://youtube.com/watch?v=kCB06CfmEY0,25
L30_V085,https://youtube.com/watch?v=-FWnOaD6cUU,25
L30_V086,https://youtube.com/watch?v=rENw-B7fsmQ,25
L30_V087,https://youtube.com/watch?v=5ynpxihUKQQ,25
L30_V088,https://youtube.com/watch?v=GXHddVXdLxE,25
L30_V089,https://youtube.com/watch?v=bvzMTej15UM,25
L30_V090,https://youtube.com/watch?v=95vQ4yGGRGU,25
L30_V091,https://youtube.com/watch?v=ED034yanN_c,25
L30_V092,https://youtube.com/watch?v=XeISyuQ-sDQ,25
L30_V093,https://youtube.com/watch?v=iMBShv-CmyI,25
L30_V094,https://youtube.com/watch?v=MGJ-x3Ky5UI,25
L30_V095,https://youtube.com/watch?v=xNFsvysBHzU,25
L30_V096,https://youtube.com/watch?v=PnrBIfUOHQU,25
M01_V001,https://youtube.com/watch?v=aWlose7FZA8,25
M01_V002,https://youtube.com/watch?v=qmSZHM814W4,30
M01_V003,https://youtube.com/watch?v=jPLyn_8uWps,30
M01_V004,https://youtube.com/watch?v=pzuYMm33JHs,30
M01_V005,https://youtube.com/watch?v=-Jgy22lJJ_c,25
M01_V006,https://youtube.com/watch?v=mt8Um9UZJlw,30
M01_V007,https://youtube.com/watch?v=aFnniVxTx6E,25
M01_V008,https://youtube.com/watch?v=0AwOwPOVnzk,25
M01_V009,https://youtube.com/watch?v=o2eEytH4cUc,30
M01_V010,https://youtube.com/watch?v=ITgU-Jxmdws,30
M01_V011,https://youtube.com/watch?v=nl5NjwGJIkE,30
M01_V012,https://youtube.com/watch?v=ISC7FA8gBMo,30
M01_V013,https://youtube.com/watch?v=rMVvectwcYs,30
M01_V014,https://youtube.com/watch?v=yBn5zNFPmIA,30
M01_V015,https://youtube.com/watch?v=A4RBVmyDiqA,25
M01_V016,https://youtube.com/watch?v=54JsrllXzbQ,30
M01_V017,https://youtube.com/watch?v=Y6KaBdPLI5o,30
M01_V018,https://youtube.com/watch?v=k_oDUBGw6AY,25
M01_V019,https://youtube.com/watch?v=g4S7dYzloYY,25
M01_V020,https://youtube.com/watch?v=FPSoQmGjHyM,30
M01_V021,https://youtube.com/watch?v=sm81lLWon30,25
M01_V022,https://youtube.com/watch?v=ehW_UtYr344,25
M01_V023,https://youtube.com/watch?v=XNMs9knRr6w,25
M01_V024,https://youtube.com/watch?v=R8_LxRpnR9s,25
M01_V025,https://youtube.com/watch?v=zA6I2ohPBGc,25
M01_V026,https://youtube.com/watch?v=hDY9r7MuS_c,25
M01_V027,https://youtube.com/watch?v=B6JfbSma7EE,25
M01_V028,https://youtube.com/watch?v=mip3mtz3-88,25
M01_V029,https://youtube.com/watch?v=I5L83T6pNC0,25
M02_V001,https://youtube.com/watch?v=FqCSPr-396Q,25
M02_V002,https://youtube.com/watch?v=FOdd_QPEa3I,30
M02_V003,https://youtube.com/watch?v=TvUw0Tzy2r8,25
M02_V004,https://youtube.com/watch?v=GKEtSDbyw6M,25
M02_V005,https://youtube.com/watch?v=1ioRtsCxYwo,25
M02_V006,https://youtube.com/watch?v=AdUOAnbCxU8,25
M02_V007,https://youtube.com/watch?v=SYPEMfPgCQM,25
M02_V008,https://youtube.com/watch?v=sCfjiuIWlHk,25
M02_V009,https://youtube.com/watch?v=5_MH5ooIHmM,25
M02_V010,https://youtube.com/watch?v=9WxIESSwN6g,25
M02_V011,https://youtube.com/watch?v=v4V1ghKo3o4,25
M02_V012,https://youtube.com/watch?v=jOFU_sn_-_k,25
M02_V013,https://youtube.com/watch?v=-6-uq7hxgDk,25
M02_V014,https://youtube.com/watch?v=QvKpBYOYVk4,25
M02_V015,https://youtube.com/watch?v=fup1XMRsKQg,25
M02_V016,https://youtube.com/watch?v=nIyxriLCBpA,25
M02_V017,https://youtube.com/watch?v=yz28WTNu9k8,25
M02_V018,https://youtube.com/watch?v=6CCuLjrxiu8,25
M02_V019,https://youtube.com/watch?v=5kEwMMx9epI,25
M02_V020,https://youtube.com/watch?v=zSW6s7bqS_M,25
M02_V021,https://youtube.com/watch?v=UN__PyvyAPY,25
M02_V022,https://youtube.com/watch?v=voJXAF6wqRg,25
M02_V023,https://youtube.com/watch?v=Of_xIH49buw,25
M02_V024,https://youtube.com/watch?v=3E-KQLvtnlA,25
M02_V025,https://youtube.com/watch?v=bU8xeoesHxQ,25
M02_V026,https://youtube.com/watch?v=19-mkWBtotQ,25
M02_V027,https://youtube.com/watch?v=-i33jfrTAYQ,30
M02_V028,https://youtube.com/watch?v=zpH6IUr57o8,25
M02_V029,https://youtube.com/watch?v=ymZ5HKpbrpM,25
M02_V030,https://youtube.com/watch?v=_xiduI_99cM,25
M02_V031,https://youtube.com/watch?v=WldNWcXKmlc,25
M03_V001,https://youtube.com/watch?v=Yy1jbScgbX4,25
M03_V002,https://youtube.com/watch?v=txEVgaDB2lU,25
M03_V003,https://youtube.com/watch?v=SAyWSb2j3AI,25
M03_V004,https://youtube.com/watch?v=a6bFzZ87ATY,25
M03_V005,https://youtube.com/watch?v=d_WYsQDf1iQ,25
M03_V006,https://youtube.com/watch?v=J7z0NkoqMgQ,25
M03_V007,https://youtube.com/watch?v=59TUdhRIhtM,25
M03_V008,https://youtube.com/watch?v=r0ud9uv30QQ,25
M03_V009,https://youtube.com/watch?v=smndn-n_85w,25
M03_V010,https://youtube.com/watch?v=joMvWCH4uR8,25
M03_V011,https://youtube.com/watch?v=UGk4NKSxvs4,25
M03_V012,https://youtube.com/watch?v=t-Az3o2NQaQ,25
M03_V013,https://youtube.com/watch?v=pXW8qqMhlgg,25
M03_V014,https://youtube.com/watch?v=cP9YbPUyvIY,25
M03_V015,https://youtube.com/watch?v=5uVyuktBEvM,25
M03_V016,https://youtube.com/watch?v=-jh17U5CjZU,25
M03_V017,https://youtube.com/watch?v=M4Tc_572_9c,25
M03_V018,https://youtube.com/watch?v=-aUowpApQ64,25
M03_V019,https://youtube.com/watch?v=Z-KFefT9xok,25
M03_V020,https://youtube.com/watch?v=gyJ2w03eA0k,25
M03_V021,https://youtube.com/watch?v=mPcnVf-aH48,25
M03_V022,https://youtube.com/watch?v=MOrYSyW_am4,25
M03_V023,https://youtube.com/watch?v=ujERjowgs5Y,25
M03_V024,https://youtube.com/watch?v=jREDakZ6nbM,25
M03_V025,https://youtube.com/watch?v=Gd6lILkrkCM,25
M03_V026,https://youtube.com/watch?v=Gb8Dj4UYzI4,25
M03_V027,https://youtube.com/watch?v=UlOXT3U9pqo,25
M03_V028,https://youtube.com/watch?v=Hbs4jQnotAE,25
M03_V029,https://youtube.com/watch?v=Yd57jLxcYMY,25
M03_V030,https://youtube.com/watch?v=yPowRUhjPyw,25
M03_V031,https://youtube.com/watch?v=sIPm378xf4A,25
M04_V001,https://youtube.com/watch?v=hTWrdOu_5oM,25
M04_V002,https://youtube.com/watch?v=crJH7Etan0s,25
M04_V003,https://youtube.com/watch?v=1KdJLgHp8xY,25
M04_V004,https://youtube.com/watch?v=KwMmr1jB99c,25
M04_V005,https://youtube.com/watch?v=RQHmfREoNDQ,25
M04_V006,https://youtube.com/watch?v=ipKkZr10LTU,25
M04_V007,https://youtube.com/watch?v=iAO2kjkQ7RE,25
M04_V008,https://youtube.com/watch?v=YHo_uPE8xrM,25
M04_V009,https://youtube.com/watch?v=8w5tADa5nbk,25
M04_V010,https://youtube.com/watch?v=3n-U4j1bJGg,25
M04_V011,https://youtube.com/watch?v=ARfc7fiyQRI,30
M04_V012,https://youtube.com/watch?v=HsuGf27NDxk,30
M04_V013,https://youtube.com/watch?v=bz9Gba7vt0s,30
M04_V014,https://youtube.com/watch?v=ALVa62QZghg,25
M04_V015,https://youtube.com/watch?v=fLP8x6kJSgM,25
M04_V016,https://youtube.com/watch?v=jYr4wd5e2nY,25
M04_V017,https://youtube.com/watch?v=NEVOMWGnNnY,25
M04_V018,https://youtube.com/watch?v=iw8RPOr9koo,25
M04_V019,https://youtube.com/watch?v=-3qDQXsAezs,25
M04_V020,https://youtube.com/watch?v=glpaUOfDE4I,25
M04_V021,https://youtube.com/watch?v=cRU5QlHcWGs,25
M04_V022,https://youtube.com/watch?v=GYy6y8a_CWA,25
M04_V023,https://youtube.com/watch?v=XpOlcrm2GeM,30
M04_V024,https://youtube.com/watch?v=euEsS8Kd7QE,25
M04_V025,https://youtube.com/watch?v=3cAxMk5qUyk,25
M04_V026,https://youtube.com/watch?v=MojoqtcsI2o,25
M04_V027,https://youtube.com/watch?v=3tsOkknlE38,25
M04_V028,https://youtube.com/watch?v=npsB6ekd_NQ,25
M05_V001,https://youtube.com/watch?v=-5cxEiTxPoE,25
M05_V002,https://youtube.com/watch?v=HRcnZTKZzjI,25
M05_V003,https://youtube.com/watch?v=CrPu5YFP26c,25
M05_V004,https://youtube.com/watch?v=Ycf8KkKYzRs,25
M05_V005,https://youtube.com/watch?v=KOm-92NSo0I,25
M05_V006,https://youtube.com/watch?v=m38h4H3F6Lg,25
M05_V007,https://youtube.com/watch?v=nq7BspwwF68,25
M05_V008,https://youtube.com/watch?v=phWZULRxew4,25
M05_V009,https://youtube.com/watch?v=05P84UHueCY,25
M05_V010,https://youtube.com/watch?v=zD5eO9oVSdc,25
M05_V011,https://youtube.com/watch?v=pfn8yKLc4HU,25
M05_V012,https://youtube.com/watch?v=VJy9GocZHs4,25
M05_V013,https://youtube.com/watch?v=lHfuXVROLmA,25
M05_V014,https://youtube.com/watch?v=rRffj6A67aw,25
M05_V015,https://youtube.com/watch?v=kzrJjQdjn8Y,25
M05_V016,https://youtube.com/watch?v=Qvmhioe5jOs,25
M05_V017,https://youtube.com/watch?v=YiiuIT5v988,25
M05_V018,https://youtube.com/watch?v=5mWLqzGpKS8,25
M05_V019,https://youtube.com/watch?v=kZ59hou1X3Y,25
M05_V020,https://youtube.com/watch?v=2HeaoinHpaA,25
M05_V021,https://youtube.com/watch?v=-eyWi-UNpmo,25
M05_V022,https://youtube.com/watch?v=q38hWUpZRMg,25
M05_V023,https://youtube.com/watch?v=FpRD05gRXOk,25
M05_V024,https://youtube.com/watch?v=lrBpeO6Wgzs,25
M05_V025,https://youtube.com/watch?v=4Et3eqMTPfU,25
M05_V026,https://youtube.com/watch?v=UOnCjfT-SA0,25
M05_V027,https://youtube.com/watch?v=lR8xhBEhI_g,25
M05_V028,https://youtube.com/watch?v=fJqfor8jUUg,25
M05_V029,https://youtube.com/watch?v=7VHPe21QSoE,25
M05_V030,https://youtube.com/watch?v=sOMrymiZ1tU,25
M05_V031,https://youtube.com/watch?v=ee9nPHmFBW0,25
M06_V001,https://youtube.com/watch?v=f5IEx1aLlcM,25
M06_V002,https://youtube.com/watch?v=au9s5tmUke4,25
M06_V003,https://youtube.com/watch?v=3qBAX6wql5E,25
M06_V004,https://youtube.com/watch?v=5a0tuuYiDSc,25
M06_V005,https://youtube.com/watch?v=AAnwJ0LPVqw,25
M06_V006,https://youtube.com/watch?v=QrcpnWxsNO8,25
M06_V007,https://youtube.com/watch?v=NmP9XcwDxsc,25
M06_V008,https://youtube.com/watch?v=xlg-6USuVSA,25
M06_V009,https://youtube.com/watch?v=lrAVOQYcICk,25
M06_V010,https://youtube.com/watch?v=F9oiLkY7vUw,25
M06_V011,https://youtube.com/watch?v=PIExCZhC7qs,25
M06_V012,https://youtube.com/watch?v=EGENrfv-2Ts,25
M06_V013,https://youtube.com/watch?v=ZTjhWNzx_Gw,25
M06_V014,https://youtube.com/watch?v=qHdBVzi_jRY,25
M06_V015,https://youtube.com/watch?v=7Qc1owHTCwY,25
M06_V016,https://youtube.com/watch?v=iIqB8Zzkc4o,25
M06_V017,https://youtube.com/watch?v=Y3Rsllpr0xU,25
M06_V018,https://youtube.com/watch?v=neSa9pdbhrA,25
M06_V019,https://youtube.com/watch?v=CpP9BRZxOnQ,25
M06_V020,https://youtube.com/watch?v=PiRMPyAwduk,25
M06_V021,https://youtube.com/watch?v=qCPgBrwRUJI,30
M06_V022,https://youtube.com/watch?v=-dQeAk5pfdQ,25
M06_V023,https://youtube.com/watch?v=6tIT8CChDfI,25
M06_V024,https://youtube.com/watch?v=tz4OUPlTXKM,25
M06_V025,https://youtube.com/watch?v=3rO1bqSz4pI,25
M06_V026,https://youtube.com/watch?v=QTyzKZIlW80,25
M06_V027,https://youtube.com/watch?v=ivKMB4Mp1uE,25
M06_V028,https://youtube.com/watch?v=eKXinIIb27E,25
M06_V029,https://youtube.com/watch?v=3MOqIQ0M6e4,25
M06_V030,https://youtube.com/watch?v=60ULUgD_9fA,25
M07_V001,https://youtube.com/watch?v=0X64Md6Ma5A,25
M07_V002,https://youtube.com/watch?v=s75g9t8zEZE,25
M07_V003,https://youtube.com/watch?v=BJSc97CrtIo,25
M07_V004,https://youtube.com/watch?v=YguhZsRE33M,25
M07_V005,https://youtube.com/watch?v=vxblIrRh4qQ,25
M07_V006,https://youtube.com/watch?v=NItF20xDmdU,25
M07_V007,https://youtube.com/watch?v=m606prH2TB8,25
M07_V008,https://youtube.com/watch?v=d7Aen6_jOb4,25
M07_V009,https://youtube.com/watch?v=ma0WU-DKMTg,25
M07_V010,https://youtube.com/watch?v=25V_bb4lkTo,25
M07_V011,https://youtube.com/watch?v=4yrIyomRcF4,25
M07_V012,https://youtube.com/watch?v=Zf2n9SBeNWw,25
M07_V013,https://youtube.com/watch?v=qoRWOI6cGx0,25
M07_V014,https://youtube.com/watch?v=wQk3Yhw8pdI,25
M07_V015,https://youtube.com/watch?v=o5qj56GSM9g,25
M07_V016,https://youtube.com/watch?v=FW_ZNSzjuk4,25
M07_V017,https://youtube.com/watch?v=zX5DPaRk3uw,25
M07_V018,https://youtube.com/watch?v=p66gQOIkdYA,30
M07_V019,https://youtube.com/watch?v=YwJA1vWTTRw,25
M07_V020,https://youtube.com/watch?v=OwrgGHJOmkA,25
M07_V021,https://youtube.com/watch?v=kvO_GFzTWFo,25
M07_V022,https://youtube.com/watch?v=2aMUY-BoHOo,25
M07_V023,https://youtube.com/watch?v=b6GAuMltQMI,25
M07_V024,https://youtube.com/watch?v=oqFVuw3C5RM,25
M07_V025,https://youtube.com/watch?v=xcOFGEuCWz8,25
M07_V026,https://youtube.com/watch?v=IEfKJpipFis,30
M07_V027,https://youtube.com/watch?v=PSS1pshB0PY,30
M07_V028,https://youtube.com/watch?v=rd2hZiZBsB8,25
M07_V029,https://youtube.com/watch?v=_4KBwc672mU,25
M07_V030,https://youtube.com/watch?v=UHR0MuNaXMs,25
M07_V031,https://youtube.com/watch?v=detc_IISs7A,25
M07_V032,https://youtube.com/watch?v=pK0GFoVgKsY,25
M08_V001,https://youtube.com/watch?v=QUI3gNm4HgU,25
M08_V002,https://youtube.com/watch?v=A74j8aThBgs,25
M08_V003,https://youtube.com/watch?v=GZtTmIYHoFk,25
M08_V004,https://youtube.com/watch?v=SHm3vXuSstQ,24
M08_V005,https://youtube.com/watch?v=8z2k3TeWV1s,30
M08_V006,https://youtube.com/watch?v=32yKXBSr-lM,30
M08_V007,https://youtube.com/watch?v=mcOTia072AY,30
M08_V008,https://youtube.com/watch?v=RR13Bm4e4e8,25
M08_V009,https://youtube.com/watch?v=n0NzS1i8Cxc,25
M08_V010,https://youtube.com/watch?v=r2lG2zrcaeU,25
M08_V011,https://youtube.com/watch?v=ej3y4faUaaQ,30
M08_V012,https://youtube.com/watch?v=1gqgmg-PujU,30
M08_V013,https://youtube.com/watch?v=cvQyJzq11lQ,25
M08_V014,https://youtube.com/watch?v=YkRPAoGyoC8,25
M08_V015,https://youtube.com/watch?v=S2WoUiqM8iM,25
M08_V016,https://youtube.com/watch?v=ryJSPhAr1VM,25
M08_V017,https://youtube.com/watch?v=7kG1LN1fS48,25
M08_V018,https://youtube.com/watch?v=hPhZGNXGI5k,30
M08_V019,https://youtube.com/watch?v=SUvShnIqWtE,30
M08_V020,https://youtube.com/watch?v=_HMv8Kx3Nn8,25
M08_V021,https://youtube.com/watch?v=csFQUbRwDoY,25
M08_V022,https://youtube.com/watch?v=hDUDTdRhSGM,25
M08_V023,https://youtube.com/watch?v=ygXnZtNk8g8,25
M08_V024,https://youtube.com/watch?v=926lt4V2NvE,25
M08_V025,https://youtube.com/watch?v=kb85sA7Tq7s,25
M08_V026,https://youtube.com/watch?v=PbxZIYpziQE,30
M08_V027,https://youtube.com/watch?v=Ea7rFXvJYdc,25
M08_V028,https://youtube.com/watch?v=2n3f4BqoCFA,25
M08_V029,https://youtube.com/watch?v=zNb9uQxqV0s,25
M08_V030,https://youtube.com/watch?v=6SZ-FbrZmwY,25
M09_V001,https://youtube.com/watch?v=9sZhH8syOBg,30
M09_V002,https://youtube.com/watch?v=UuN8Q-sWZdQ,25
M09_V003,https://youtube.com/watch?v=dt2PMaB2als,25
M09_V004,https://youtube.com/watch?v=pgweroTgal0,25
M09_V005,https://youtube.com/watch?v=SPGxlEq6m9E,25
M09_V006,https://youtube.com/watch?v=5QNufeV5GF0,25
M09_V007,https://youtube.com/watch?v=uk0wr8NOIhw,30
M09_V008,https://youtube.com/watch?v=04AwMibsxtQ,30
M09_V009,https://youtube.com/watch?v=HCwVVECFM4c,25
M09_V010,https://youtube.com/watch?v=MaaywLBwqkQ,25
M09_V011,https://youtube.com/watch?v=XzHlXFbf18Y,25
M09_V012,https://youtube.com/watch?v=FOdjTfg3vwk,25
M09_V013,https://youtube.com/watch?v=i0I66atcpr0,25
M09_V014,https://youtube.com/watch?v=npdtGbNZthM,30
M09_V015,https://youtube.com/watch?v=4UQJ_aIk4y0,30
M09_V016,https://youtube.com/watch?v=NNnK5cFyEVk,25
M09_V017,https://youtube.com/watch?v=zqL5LJQUa6M,25
M09_V018,https://youtube.com/watch?v=WbndsxEQefM,25
M09_V019,https://youtube.com/watch?v=agO8HR-AJHw,25
M09_V020,https://youtube.com/watch?v=s1FMh5319Zw,25
M09_V021,https://youtube.com/watch?v=ITRrTFe16BQ,30
M09_V022,https://youtube.com/watch?v=l0gQmCsp1no,30
M09_V023,https://youtube.com/watch?v=GawL7CoH4gY,25
M09_V024,https://youtube.com/watch?v=-tg71TyhH_I,25
M09_V025,https://youtube.com/watch?v=jWPBgLBQybk,25
M09_V026,https://youtube.com/watch?v=LHKg977XPfY,25
M09_V027,https://youtube.com/watch?v=ecz_D9C80OE,25
M09_V028,https://youtube.com/watch?v=YjRhWze0Ipw,30
M09_V029,https://youtube.com/watch?v=eB1OTwX-VsQ,30
M09_V030,https://youtube.com/watch?v=b9P4uMIB4G0,25
M09_V031,https://youtube.com/watch?v=xtdWo3GeM4A,25
M10_V001,https://youtube.com/watch?v=RSIpCsaYDw8,25
M10_V002,https://youtube.com/watch?v=o62eBTyicZo,25
M10_V003,https://youtube.com/watch?v=vUX--efibkI,25
M10_V004,https://youtube.com/watch?v=-zS2WOBFd48,25
M10_V005,https://youtube.com/watch?v=2tgFc0u7lWE,25
M10_V006,https://youtube.com/watch?v=d2LcYo-8zS0,25
M10_V007,https://youtube.com/watch?v=G4oGKJ3hv9s,25
M10_V008,https://youtube.com/watch?v=J6juVS_qo8Y,25
M10_V009,https://youtube.com/watch?v=nAd3_vOMB7w,25
M10_V010,https://youtube.com/watch?v=5Zz7pyERilc,25
M10_V011,https://youtube.com/watch?v=WHelY5UYj4w,25
M10_V012,https://youtube.com/watch?v=F2Xp5U3bj8Y,25
M10_V013,https://youtube.com/watch?v=xOrsaA7NQ8M,25
M10_V014,https://youtube.com/watch?v=2Agg0se_KC0,25
M10_V015,https://youtube.com/watch?v=_ecC23HzP5o,25
M10_V016,https://youtube.com/watch?v=0XU2_xuu5VI,25
M10_V017,https://youtube.com/watch?v=Ua0ImwljRfI,30
M10_V018,https://youtube.com/watch?v=kt72Pp_PPnQ,30
M10_V019,https://youtube.com/watch?v=EFAyUs4OeZ0,30
M10_V020,https://youtube.com/watch?v=-VdOUMBzRRI,25
M10_V021,https://youtube.com/watch?v=RidisixuACg,25
M10_V022,https://youtube.com/watch?v=5gDy9nxyvIU,25
M10_V023,https://youtube.com/watch?v=5NSaVXbkgu4,25
M10_V024,https://youtube.com/watch?v=lL8oJ5UdTJ0,30
M10_V025,https://youtube.com/watch?v=1xZPg2lwrV8,30
M10_V026,https://youtube.com/watch?v=-V5WA766wAU,25
M10_V027,https://youtube.com/watch?v=A7hWOGJTf78,25
M10_V028,https://youtube.com/watch?v=hvgRY221MCs,25
M10_V029,https://youtube.com/watch?v=JqswK98731A,25
M10_V030,https://youtube.com/watch?v=NlB_2TxXG7Y,25
M10_V031,https://youtube.com/watch?v=Cy7EqPwxdqg,30
N001-V001,,25
N001-V002,,25
N001-V003,,25
N002-V001,,25
N002-V002,,25
N002-V003,,25
N003-V001,,25
N003-V002,,25
N003-V003,,25
N004-V001,,24.96
N004-V002,,24.98
N004-V003,,24.93
N005-V001,,25
N005-V002,,25
N005-V003,,25
N006-V001,,25
N006-V002,,25
N006-V003,,25
N007-V001,,11.06
N007-V002,,11.37
N007-V003,,10.91
N008-V001,,30
N008-V002,,29.99
N008-V003,,29.99
N009-V001,,30
N009-V002,,29.99
N009-V003,,30
N010-V001,,25
N010-V002,,25
N010-V003,,25
N011-V001,,30
N011-V002,,30
N011-V003,,30
N012-V001,,25
N012-V002,,25
N012-V003,,25
N013-V001,,24.9
N013-V002,,24.91
N013-V003,,24.92
N014-V001,,25
N014-V002,,25
N014-V003,,25
N015-V001,,29.97
N015-V002,,29.95
N015-V003,,29.94
N016-V001,,25
N016-V002,,25
N016-V003,,25
N016-V004,,25
N016-V005,,25
N017-V001,,25
N017-V002,,25
N017-V003,,25
N018-V001,,25
N018-V002,,25
N018-V003,,24.99
N019-V001,,25
N019-V002,,25
N019-V003,,24.98
N020-V001,,25
N020-V002,,25
N020-V003,,25
N021-V001,,25
N021-V002,,25
N021-V003,,25
N022-V001,,25
N022-V002,,25
N022-V003,,25
N023-V001,,29.99
N023-V002,,29.92
N023-V003,,29.99
N024-V001,,25
N024-V002,,25
N024-V003,,25
N025-V001,,25
N025-V002,,25
N025-V003,,25
N026-V001,,25
N026-V002,,25
N026-V003,,25
N027-V001,,24.62
N027-V002,,24.7
N027-V003,,22.41
N028-V001,,24.89
N028-V002,,24.98
N028-V003,,24.63
N029-V001,,11.87
N029-V002,,10.96
N029-V003,,12.14
N030-V001,,13.52
N030-V002,,13.78
N030-V003,,11.96
N031-V001,,24.82
N031-V002,,24.87
N031-V003,,24.92
N032-V001,,24.86
N032-V002,,24.77
N032-V003,,24.93
N033-V001,,25
N033-V002,,25
N033-V003,,25
N034-V001,,25
N034-V002,,25
N034-V003,,25
N035-V001,,25
N035-V002,,25
N035-V003,,25
N036-V001,,25
N036-V002,,25
N036-V003,,25
N037-V001,,25
N037-V002,,25
N037-V003,,25
N038-V001,,25
N038-V002,,25
N038-V003,,25
N039-V001,,29.91
N039-V002,,29.88
N039-V003,,29.94
N040-V001,,29.97
N040-V002,,29.9
N040-V003,,29.95
N041-V001,,30
N041-V002,,30
N041-V003,,29.97
N042-V001,,25
N042-V002,,25
N043-V001,,25.01
N043-V002,,25.04
N043-V003,,25.04
N043-V004,,24.94
N043-V005,,24.99
N043-V006,,25
N044-V001,,25
N044-V002,,25
N044-V003,,25
N045-V001,,24.99
N045-V002,,25
N045-V003,,25
N046-V001,,25
N046-V002,,25
N047-V001,,25
N047-V002,,25
N047-V003,,25
N048-V001,,24.06
N048-V002,,24.01
N048-V003,,24.68
N049-V001,,25
N049-V002,,25
N049-V003,,25
N050-V001,,25
N050-V002,,25
N050-V003,,25
N051-V001,,25
N051-V002,,25
N051-V003,,25
N052-V001,,25
N052-V002,,25
N052-V003,,25
N053-V001,,25
N053-V002,,25
N053-V003,,25
N054-V001,,25
N054-V002,,25
N054-V003,,25
N055-V001,,24.86
N055-V002,,24.99
N055-V003,,24.64
N056-V001,,25
N056-V002,,25
N056-V003,,25
N057-V001,,25
N057-V002,,25
N057-V003,,25
N058-V001,,23.91
N058-V002,,24.99
N058-V003,,24.93
N059-V001,,24.99
N059-V002,,24.98
N059-V003,,24.97
N060-V001,,29.98
N061-V001,,25
N061-V002,,25
N061-V003,,25
N062-V001,,25
N062-V002,,25
N062-V003,,25
N063-V001,,30
N063-V002,,29.99
N064-V001,,25
N064-V002,,25
N065-V001,,25
N065-V002,,25
N066-V001,,24.7
N066-V002,,24.81
N066-V003,,24.79
N067-V001,,21.12
N067-V002,,22.01
N067-V003,,19.83
N068-V001,,25
N068-V002,,25
N068-V003,,25
N069-V001,,24.97
N069-V002,,24.99
N069-V003,,24.96
N070-V001,,25
N070-V002,,25
N070-V003,,25
N071-V001,,24.95
N071-V002,,25
N071-V003,,25
N072-V001,,25
N072-V002,,25
N072-V003,,25
N073-V001,,24.5
N073-V002,,24.25
N073-V003,,24.45
N074-V001,,25
N074-V002,,25
N074-V003,,25
N075-V001,,25
N075-V002,,24.97
N075-V003,,24.95
N076-V001,,24.91
N076-V002,,24.88
N076-V003,,24.65
N077-V001,,25
N077-V002,,25
N077-V003,,24.97
N078-V001,,30
N078-V002,,29.99
N078-V003,,30
N079-V001,,25
N079-V002,,25
N079-V003,,25
N080-V001,,25
N080-V002,,25
N080-V003,,25
N081-V001,,30
N081-V002,,30
N081-V003,,30
N082-V001,,25
N082-V002,,25
N082-V003,,25
N083-V001,,19.41
N083-V002,,21.84
N083-V003,,21.05
N084-V001,,25
N084-V002,,25
N084-V003,,25
N085-V001,,24.98
N085-V002,,21.74
N085-V003,,25
N086-V001,,25
N086-V002,,25
N086-V003,,25
N087-V001,,24.98
N087-V002,,25
N087-V003,,25
N088-V001,,29.51
N088-V002,,29.51
N088-V003,,29.51
N089-V001,,24.9
N089-V002,,24.94
N089-V003,,24.95
N090-V001,,24.99
N090-V002,,25
N090-V003,,25
N091-V001,,25
N091-V002,,25
N091-V003,,25
N092-V001,,29.99
N092-V002,,30
N092-V003,,29.97
N093-V001,,29.99
N093-V002,,29.97
N093-V003,,29.98
N094-V001,,25
N094-V002,,25
N094-V003,,25
N095-V001,,24.13
N095-V002,,24.5
N095-V003,,24.39
N096-V001,,24.88
N096-V002,,24.75
N096-V003,,23.49
N097-V001,,28.11
N097-V002,,28.46
N097-V003,,25.92
N098-V001,,25
N098-V002,,25
N098-V003,,25
N099-V001,,25
N099-V002,,25
N099-V003,,25
N100-V001,,25
N100-V002,,24.98
N100-V003,,25
S01-V001,https://youtube.com/watch?v=kfE6yVr6dnA,30
S01-V002,https://youtube.com/watch?v=MA-Et_sAeTY,30
S01-V003,https://youtube.com/watch?v=rzEURt5FbiA,30
S01-V004,https://youtube.com/watch?v=9tmOvrYgF1Q,30
S01-V005,https://youtube.com/watch?v=9tmOvrYgF1Q,30
S01-V006,https://youtube.com/watch?v=bqkeePsnjgw,30
S01-V007,https://youtube.com/watch?v=ZOz59OUN-Gg,30
S01-V008,https://youtube.com/watch?v=rf_WEFuC98o,30
S01-V009,https://youtube.com/watch?v=CJNxBPMQ_DI,30
S01-V010,https://youtube.com/watch?v=SOcP4zeZ7mo,30
S01-V011,https://youtube.com/watch?v=zO4HxBhAn60,30
S01-V012,https://youtube.com/watch?v=HkzV1_CEax8,30
